Metric,Value
R² Score,0.9949851036071777
MAE,1.2929610013961792
RMSE,1.623780379741642
MAPE,0.033611804246902466
accuracy (100-mape),96.63881957530975
